Location,match_type,osm_id,osm_type,matched_name,geometry_type,longitude,latitude
101 HAHN STUDENT SERVICES,unmatched,,,,,,
102 QUARRY PLAZA,exact_name,37509684.0,way,QUARRY PLAZA,LineString,-122.05569682413793,36.997952046551724
102 QUARRY PLAZA LOADING DOCK,exact_name,37509684.0,way,QUARRY PLAZA,LineString,-122.05569682413793,36.997952046551724
103A EAST FIELD HOUSE,unmatched,,,,,,
103B ATH-REC,unmatched,,,,,,
104 EAST REMOTE,fallback_parent_polygon,34317714.0,way,EAST REMOTE FOOTPATH,LineString,-122.05386836,36.99207678
104 EAST REMOTE PARKMOBILE,fallback_parent_polygon,34317714.0,way,EAST REMOTE FOOTPATH,LineString,-122.05386836,36.99207678
105 UNIVERSITY POLICE,exact_lot_ref,47847063.0,way,105,Polygon,-122.05172874444445,36.97910721111111
106 COWELL COLLEGE,exact_lot_ref,34571151.0,way,CARRIAGE HOUSE,Polygon,-122.05199955909092,36.98002300454545
107 COWELL/STEVENSON,exact_lot_ref,188686286.0,way,107,Polygon,-122.05342585555556,36.997821555555554
108 STEVENSON SERVICE ROAD,exact_lot_ref,190282893.0,way,108,Polygon,-122.05245710833333,36.99771980416667
109 STEVENSON COLLEGE,exact_lot_ref,40815653.0,way,109,Polygon,-122.05275507000002,36.99829731
109 STEVENSON COLLEGE PARKMOBILE,exact_lot_ref,40815653.0,way,109,Polygon,-122.05275507000002,36.99829731
110 STEVENSON COLLEGE,exact_lot_ref,40815652.0,way,110,Polygon,-122.05147087,36.9983274
111A CROWN COLLEGE PIT,exact_name,66444009.0,way,111,Polygon,-122.05530006666667,37.000962433333335
111B CROWN COLLEGE CIRCLE,exact_name,66444009.0,way,111,Polygon,-122.05530006666667,37.000962433333335
112 CORE WEST STRUCTURE,exact_name,1169131635.0,way,CORE WEST,Polygon,-122.06360492307692,36.99913307179487
113 THIMANN LAB,exact_lot_ref,188688748.0,way,113,Polygon,-122.06260027777778,36.99821598888889
114 JOHN R. LEWIS,exact_lot_ref,188689547.0,way,114,Polygon,-122.05911648125,37.00014756875
115 CARRIAGE HOUSE,exact_lot_ref,34570881.0,way,115,Polygon,-122.05190873333333,36.98027460833333
116 CAMPUS FACILITIES,exact_lot_ref,190134924.0,way,116,Polygon,-122.05201578,36.98093274
117A ADMISSIONS,exact_name,47848887.0,way,117,Polygon,-122.054425052,36.979352672
117B COOK HOUSE,exact_name,47848887.0,way,117,Polygon,-122.054425052,36.979352672
118 GRANARY,exact_lot_ref,34571464.0,way,118,Polygon,-122.05262948823531,36.977468576470585
119 MERRILL COLLEGE,fallback_parent_polygon,186422519.0,way,MERRILL COLLEGE OFFICE,Polygon,-122.0530805,36.999654453846155
120A LOWER MCHENRY LIBRARY,exact_name,191037623.0,way,120,Polygon,-122.05927397999999,36.99642372
120B UPPER MCHENRY LIBRARY,exact_name,191037623.0,way,120,Polygon,-122.05927397999999,36.99642372
121 BIOMED/SCIENCE LIBRARY,exact_lot_ref,190667765.0,way,121,Polygon,-122.05941361428572,36.99852728571428
122 BARN THEATER,exact_lot_ref,47848886.0,way,122,Polygon,-122.05418425238096,36.977902676190475
123 HEAT PLANT,exact_lot_ref,190668708.0,way,123,Polygon,-122.06127883636364,37.00132978181818
124 PORTER COLLEGE,exact_lot_ref,189256607.0,way,124,Polygon,-122.06425399696968,36.99434992424242
125 PORTER COLLEGE,exact_lot_ref,189128615.0,way,125,Polygon,-122.0647649875,36.9937370625
126 ARTS,fallback_parent_polygon,10552514.0,way,TANNERY ARTS CENTER,LineString,-122.02982014545455,36.986575572727276
126 ARTS PARKMOBILE,fallback_parent_polygon,10552514.0,way,TANNERY ARTS CENTER,LineString,-122.02982014545455,36.986575572727276
127 WEST REMOTE,unmatched,,,,,,
128 HEALTH CENTER,exact_lot_ref,189460420.0,way,128,Polygon,-122.058323253125,36.999447215625
129 FAMILY STUDENT HOUSING - 100 LOO,exact_lot_ref,46271627.0,way,129,Polygon,-122.06706271666667,36.990999566666666
130 FAMILY STUDENT HOUSING - 200 LOO,exact_lot_ref,46271629.0,way,130,Polygon,-122.06766534444445,36.990794066666666
131 FAMILY STUDENT HOUSING - 300 LOO,exact_lot_ref,46271669.0,way,131,Polygon,-122.06772326666668,36.99121015
132 FAMILY STUDENT HOUSING - 400 LOO,exact_lot_ref,46271652.0,way,132,Polygon,-122.06836824285713,36.990835385714284
133 FAMILY STUDENT HOUSING - 500 LOO,exact_lot_ref,46271625.0,way,133,Polygon,-122.068403175,36.991261658333336
134 FAMILY STUDENT HOUSING - 600 LOO,exact_lot_ref,46271639.0,way,134,Polygon,-122.06880484999999,36.99051442
135 FAMILY STUDENT HOUSING - 700 LOO,exact_lot_ref,46271667.0,way,135,Polygon,-122.06768615625,36.99192301875
136 FAMILY STUDENT HOUSING - 800 LOO,exact_lot_ref,46271694.0,way,136,Polygon,-122.06757605238094,36.992592223809524
137 TAPS SALES OFFICE,exact_lot_ref,47847042.0,way,137,Polygon,-122.05322883269231,36.97948037115385
138 BASKIN ENGINEERING,exact_lot_ref,190300844.0,way,138,Polygon,-122.063912325,36.999921725
139A ENGINEERING II,exact_name,189765352.0,way,139,Polygon,-122.06261179999998,37.00142870277778
139B COMMUNICATIONS,exact_name,34580102.0,way,COMMUNICATIONS,Polygon,-122.0614246125,37.00086635625
140 FOUNDRY,exact_lot_ref,190670761.0,way,140,Polygon,-122.06183263529411,36.9956059
141 KERR HALL,exact_lot_ref,83135952.0,way,141,Polygon,-122.06176239999999,36.996250929999995
142 KRESGE COLLEGE,exact_name,35335019.0,way,42,Polygon,-122.03122735384615,36.98270912307692
144 OAKES COLLEGE,exact_lot_ref,191005261.0,way,144,Polygon,-122.06336544000001,36.99041062
145 KRESGE COLLEGE,exact_lot_ref,189267856.0,way,145,Polygon,-122.06720419999999,36.99735486666667
146 RACHEL CARSON COLLEGE,exact_lot_ref,189772841.0,way,146,Polygon,-122.06466137142857,36.99227140857143
147 KRESGE COLLEGE,exact_lot_ref,189770095.0,way,147,Polygon,-122.06520203,36.99686929
149 HELLER EXTENSION,exact_lot_ref,34322109.0,way,COSTCO WHOLESALE SANTA CRUZ #149,Polygon,-122.03386029166666,36.9844936
150A NORTH PERIMETER,exact_name,37092494.0,way,NORTH PERIMETER,Polygon,-122.06581964375,37.0027434875
150B NORTH PERIMETER,exact_name,37092494.0,way,NORTH PERIMETER,Polygon,-122.06581964375,37.0027434875
151 CARDIFF HOUSE,exact_lot_ref,47847060.0,way,151,Polygon,-122.05217988,36.97955592
152 CROWN - MERRILL APARTMENTS,exact_lot_ref,185890509.0,way,152,Polygon,-122.05366064285715,37.00210821428571
153 CROWN - MERRILL APARTMENTS,exact_lot_ref,185890511.0,way,153,Polygon,-122.05430972222221,37.00210027777778
154 CROWN - MERRILL APARTMENTS,exact_lot_ref,185890506.0,way,154,Polygon,-122.05481577692308,37.00214593846154
155 CROWN - MERRILL APARTMENTS,exact_lot_ref,190098064.0,way,155,Polygon,-122.054160225,37.0022594375
156 FIRE HOUSE,exact_lot_ref,129132314.0,way,156,Polygon,-122.05546357,37.00217885
157 GRADUATE STUDENT APARTMENTS,exact_lot_ref,191007840.0,way,157,Polygon,-122.06454847666667,37.00000671
158-159 REDWOOD GROVE APARTMENTS,exact_lot_ref,191008010.0,way,158,Polygon,-122.06452085000001,36.998311550000004
160 OAKES COLLEGE,exact_lot_ref,46208387.0,way,160,Polygon,-122.06489402222223,36.99017703333333
161 OAKES COLLEGE,exact_lot_ref,189773709.0,way,161,Polygon,-122.0650345375,36.989974475
162 OAKES COLLEGE,exact_lot_ref,189773852.0,way,162,Polygon,-122.06575129770114,36.99018008275862
163 COWELL PROVOST,exact_lot_ref,193221017.0,way,163,Polygon,-122.05475770000001,36.99611178
164 JOHN R. LEWIS COLLEGE,exact_lot_ref,191011367.0,way,164,Polygon,-122.05923776078431,37.0007275627451
165 JOHN R. LEWIS COLLEGE,exact_lot_ref,191011372.0,way,165,Polygon,-122.05944516923077,37.00178235384615
166 COLLEGE NINE,exact_lot_ref,40876692.0,way,166,Polygon,-122.05794183333335,37.001479144444446
167 COLLEGE 9 APTS,exact_lot_ref,189891084.0,way,167,Polygon,-122.05889945555555,37.00332455555556
168 AGROECOLOGY,exact_lot_ref,189774372.0,way,168,Polygon,-122.05544422608696,36.985305160869565
169 THE VILLAGE,exact_lot_ref,189775646.0,way,169,Polygon,-122.05542262142856,36.986842599999996
170 HAY BARN,exact_lot_ref,193224269.0,way,170,Polygon,-122.05428831666666,36.98362798333333
171 ENVIRONMENTAL HEALTH & SAFETY,fallback_parent_polygon,384888864.0,way,ENVIRONMENTAL HEALTH & SAFETY TRAILER,Polygon,-122.06156418,37.00173118
201 COASTAL SCIENCE CAMPUS,unmatched,,,,,,
202 COASTAL SCIENCE CAMPUS,unmatched,,,,,,
203 COASTAL SCIENCE CAMPUS,unmatched,,,,,,
204 COASTAL SCIENCE CAMPUS,unmatched,,,,,,
205 COASTAL SCIENCE CAMPUS,unmatched,,,,,,
206 COASTAL SCIENCE CAMPUS,unmatched,,,,,,
207 COASTAL SCIENCE CAMPUS,unmatched,,,,,,
301 WESTSIDE RESEARCH PARK,fallback_parent_polygon,301864570.0,way,ACADEMIC RESOURCE CENTER PRESS BLDG,Polygon,-122.05894755384617,36.99412096153846
302 WESTSIDE RESEARCH PARK,fallback_parent_polygon,301864570.0,way,ACADEMIC RESOURCE CENTER PRESS BLDG,Polygon,-122.05894755384617,36.99412096153846
ACADEMIC RESOURCE CENTER (ARC),fallback_parent_polygon,301864570.0,way,ACADEMIC RESOURCE CENTER PRESS BLDG,Polygon,-122.05894755384617,36.99412096153846
ALAN CHADWICK GARDEN,unmatched,,,,,,
BARN G,exact_name,30594119.0,way,BARN G,Polygon,-122.05266568928572,36.98044801428572
BASKIN,exact_name,34441713.0,way,JACK BASKIN ENGINEERING,Polygon,-122.06315515000001,37.00035984473684
BASKIN ENG COURTYARD,unmatched,,,,,,
BASKIN VISUAL ARTS,unmatched,,,,,,
CHINQUAPIN RD.,unmatched,,,,,,
COGEN PLANT,unmatched,,,,,,
COLLEGE NINE RD.,unmatched,,,,,,
COOLIDGE RD.,unmatched,,,,,,
CORPS YARD,unmatched,,,,,,
COWELL APARTMENTS,exact_name,34565337.0,way,COWELL STUDENT HEALTH CENTER,Polygon,-122.0575944,36.99957703571429
COWELL DINING LOADING DOCK,exact_name,68148717.0,way,STEVENSON/COWELL DINING HALL,Polygon,-122.053062165,36.996845135
COWELL SERVICE ROAD,exact_name,68154701.0,way,COWELL SERVICE ROAD,LineString,-122.05403912258063,36.99623544193549
COWELL- STEVENSON ROAD,unmatched,,,,,,
COWELL-STEVENSON SERVICE RD.,unmatched,,,,,,
CROWN SERVICE RD.,unmatched,,,,,,
DIRT CROWN SERVICE RD.,unmatched,,,,,,
EARTH AND MARINE SCIENCES,unmatched,,,,,,
EAST FIELD SERVICE ROAD,exact_name,34317716.0,way,EAST FIELD SERVICE ROAD FOOTPATH,LineString,-122.054076475,36.9925302
EMPIRE GRADE,exact_name,10551498.0,way,EMPIRE GRADE,LineString,-122.07094975514018,36.99903316635514
FAMILY STUDENT HOUSING,unmatched,,,,,,
FARM RD,unmatched,,,,,,
FIELD OFF OF HAGER,unmatched,,,,,,
FSH 503,unmatched,,,,,,
H BARN,exact_name,30594060.0,way,H BARN,Polygon,-122.05359295999999,36.97953417
HAGAR DR.,unmatched,,,,,,
HELLER DR.,unmatched,,,,,,
JOHN R. LEWIS COLLEGE,exact_name,82958934.0,way,JOHN R. LEWIS COLLEGEROAD,LineString,-122.05884738750001,37.000369791666664
KOSHLAND WAY,exact_name,148491453.0,way,KOSHLAND WAY,LineString,-122.06753084615386,36.991134107692304
KRESGE,exact_name,37432769.0,way,PORTER-KRESGE ROAD,LineString,-122.064004575,36.99386665
KRESGE ACAD BLDG.,unmatched,,,,,,
KRESGE APARTMENTS,exact_name,37432769.0,way,PORTER-KRESGE ROAD,LineString,-122.064004575,36.99386665
KRESGE COLLEGE,unmatched,,,,,,
KRESGE ROAD,exact_name,37432769.0,way,PORTER-KRESGE ROAD,LineString,-122.064004575,36.99386665
LOOKOUT TRAIL,exact_name,37887424.0,way,LOOKOUT TRAIL,LineString,-122.04315620112358,36.98868191573034
MCLAUGHLIN DR.,unmatched,,,,,,
MUSIC HALL,unmatched,,,,,,
OAKES CIRCLE,unmatched,,,,,,
OAKES COLLEGE,exact_name,190712886.0,way,OAKES COLLEGE ROAD,LineString,-122.06326671666666,36.99045561666667
OAKES ROAD,exact_name,10548693.0,way,OAKES ROAD,LineString,-122.06532976250001,36.98989739583333
OAKES SERVICE RD.,unmatched,,,,,,
OCEAN HEALTH BUILDING,unmatched,,,,,,
PERFORMING ARTS,unmatched,,,,,,
PHYSICAL SCIENCES BUILDING,exact_name,34447569.0,way,PHYSICAL SCIENCES BUILDING,Polygon,-122.06194259433961,36.99963304150943
PORTER APARTMENTS,exact_name,37432769.0,way,PORTER-KRESGE ROAD,LineString,-122.064004575,36.99386665
PORTER DINING HALL,unmatched,,,,,,
PORTER DORMS,exact_name,37432769.0,way,PORTER-KRESGE ROAD,LineString,-122.064004575,36.99386665
PORTER PROVOST RESIDENCE,unmatched,,,,,,
PORTER SERVICE ROAD,exact_name,48623838.0,way,PORTER SERVICE ROAD,LineString,-122.06599588333334,36.99520466111111
PORTER-KRESGE RD,unmatched,,,,,,
RACHEL CARSON APARTMENTS,exact_name,44879746.0,way,RACHEL CARSON/OAKES DINING HALL,Polygon,-122.06541243076923,36.99160680769231
RACHEL CARSON COLLEGE,exact_name,46208365.0,way,RACHEL CARSON COLLEGE SERVICE ROAD,LineString,-122.06528902666668,36.99100992666667
RACHEL CARSON DORMS,exact_name,44879746.0,way,RACHEL CARSON/OAKES DINING HALL,Polygon,-122.06541243076923,36.99160680769231
RED HILL RD.,unmatched,,,,,,
RED HILL RD. X MCLAUGHLIN,unmatched,,,,,,
SOCIAL SCIENCES 1,exact_name,188194067.0,way,SOCIAL SCIENCES 1,Polygon,-122.05806700882353,37.00219210294117
STEINHART SERVICE ROAD,unmatched,,,,,,
STEINHART WAY,exact_name,34318451.0,way,STEINHART WAY,LineString,-122.05753424444444,36.997040633333334
STEVENSON APARTMENTS,exact_name,40661679.0,way,COWELL-STEVENSON ROAD,LineString,-122.05275581000001,36.99770099
STEVENSON CIRCLE,exact_name,193613633.0,way,STEVENSON CIRCLE,LineString,-122.052072625,36.99765685
STEVENSON SERVICE ROAD,exact_name,40815639.0,way,STEVENSON SERVICE ROAD,LineString,-122.05116387666666,36.9975682
STUDENT UNION,exact_name,37511142.0,way,STUDENT UNION,Polygon,-122.05593443888887,36.99782084444445
THE FARM,unmatched,,,,,,
WEST FIELD HOUSE,exact_name,37480625.0,way,WEST FIELD HOUSE,Polygon,-122.06415039473684,36.99132522105263
